City_ID,City,Country,Lat,Lng,Max Temp,Cloudiness,Wind Speed,Current Description
0,Rikitea,PF,-23.1203,-134.9692,72.52,100,1.21,overcast clouds
1,Ormara,PK,25.2088,64.6357,82.56,100,9.75,overcast clouds
2,Iskateley,RU,67.6803,53.1512,54.5,100,12.26,light rain
3,Uthal,PK,25.8072,66.6219,83.5,22,8.93,few clouds
4,New Norfolk,AU,-42.7826,147.0587,49.91,100,2.77,overcast clouds
5,Mataura,NZ,-46.1927,168.8643,45.48,6,2.44,clear sky
6,Alice Springs,AU,-23.7,133.8833,60.35,0,0.0,clear sky
7,Havoysund,NO,70.9963,24.6622,39.43,100,10.87,overcast clouds
8,Lancaster,US,40.2504,-76.2499,76.03,0,8.99,clear sky
9,Busselton,AU,-33.65,115.3333,66.43,1,23.94,clear sky
10,Carnarvon,AU,-24.8667,113.6333,72.5,94,9.24,overcast clouds
11,Hay River,CA,60.8156,-115.7999,53.85,18,6.24,few clouds
12,Tommot,RU,58.9564,126.2925,68.41,99,4.41,light rain
13,Port Elizabeth,ZA,-33.918,25.5701,51.31,55,10.04,broken clouds
14,Barrow,US,71.2906,-156.7887,48.22,0,5.75,clear sky
15,Ribeira Grande,PT,38.5167,-28.7,67.08,0,3.09,clear sky
16,Ushuaia,AR,-54.8,-68.3,31.66,75,13.8,light snow
17,Nishihara,JP,26.1842,127.7558,80.26,75,16.11,light rain
18,Tuktoyaktuk,CA,69.4541,-133.0374,48.94,1,10.31,clear sky
19,Margate,GB,51.3813,1.3862,64.69,90,1.01,overcast clouds
20,Tshikapa,CD,-6.4167,20.8,69.48,5,2.24,clear sky
21,Yellowknife,CA,62.456,-114.3525,59.56,80,5.01,broken clouds
22,Koslan,RU,63.4564,48.8989,55.15,9,4.43,clear sky
23,Aden,YE,12.7794,45.0367,85.98,96,2.84,overcast clouds
24,Hermanus,ZA,-34.4187,19.2345,54.81,12,8.23,few clouds
25,Jamestown,US,42.097,-79.2353,76.71,0,8.01,clear sky
26,Juneau,US,58.3019,-134.4197,75.2,20,11.5,few clouds
27,Torbay,CA,47.6666,-52.7314,51.58,0,9.4,clear sky
28,Saint George,US,37.1041,-113.5841,104.63,0,20.71,clear sky
29,Hilo,US,19.7297,-155.09,82.13,100,9.22,overcast clouds
30,Sola,VU,-13.8833,167.55,81.34,74,16.67,broken clouds
31,Vaini,TO,-21.2,-175.2,80.76,40,11.5,scattered clouds
32,Cayenne,GF,4.9333,-52.3333,75.09,0,0.0,clear sky
33,Dikson,RU,73.5069,80.5464,32.34,100,8.95,overcast clouds
34,Te Anau,NZ,-45.4167,167.7167,45.72,10,0.72,clear sky
35,Albany,US,42.6001,-73.9662,68.41,100,9.35,overcast clouds
36,Walvis Bay,NA,-22.9575,14.5053,56.08,1,9.33,clear sky
37,Wakema,MM,16.6,95.1833,82.38,58,7.43,broken clouds
38,Reconquista,AR,-29.15,-59.65,60.15,100,6.4,overcast clouds
39,Dod Ballapur,IN,13.2919,77.5431,75.13,77,4.21,broken clouds
40,Khatanga,RU,71.9667,102.5,64.36,100,16.31,overcast clouds
41,Avarua,CK,-21.2078,-159.775,80.65,75,10.36,broken clouds
42,Chokurdakh,RU,70.6333,147.9167,48.45,85,12.17,overcast clouds
43,Nikolayevsk-Na-Amure,RU,53.1406,140.73,50.32,100,2.3,light rain
44,Akyab,MM,20.15,92.9,80.17,100,7.72,overcast clouds
45,Severo-Kurilsk,RU,50.6789,156.125,51.46,89,3.91,overcast clouds
46,Havre-Saint-Pierre,CA,50.2334,-63.5986,58.03,100,8.63,overcast clouds
47,Mehamn,NO,71.0357,27.8492,39.15,100,8.05,light intensity drizzle
48,Bluff,NZ,-46.6,168.3333,45.81,18,3.85,few clouds
49,Tilichiki,RU,60.4667,166.1,48.58,100,11.12,overcast clouds
50,Cidreira,BR,-30.1811,-50.2056,62.04,100,10.67,overcast clouds
51,Cape Town,ZA,-33.9258,18.4232,59.34,21,9.33,few clouds
52,Saint Anthony,US,45.0205,-93.218,77.95,40,14.97,scattered clouds
53,Hobart,AU,-42.8794,147.3294,49.26,0,8.05,light rain
54,Olinda,BR,-8.0089,-34.8553,73.13,75,8.05,broken clouds
55,Bethel,US,41.3712,-73.414,67.5,100,9.22,overcast clouds
56,Kahului,US,20.8947,-156.47,84.22,40,20.71,scattered clouds
57,Punta Arenas,CL,-53.15,-70.9167,32.11,48,17.56,scattered clouds
58,Butaritari,KI,3.0707,172.7902,82.78,14,14.27,light rain
59,Sinnamary,GF,5.3833,-52.95,77.68,100,4.7,overcast clouds
60,East London,ZA,-33.0153,27.9116,54.66,85,10.07,overcast clouds
61,Mangai,CD,-4.05,19.5333,69.44,86,0.85,overcast clouds
62,Slave Lake,CA,55.2834,-114.769,57.24,100,4.88,moderate rain
63,Tiksi,RU,71.6872,128.8694,34.25,18,7.67,few clouds
64,Honiara,SB,-9.4333,159.95,87.08,10,9.91,clear sky
65,Saint-Philippe,RE,-21.3585,55.7679,69.39,8,8.39,clear sky
66,Mugan,CN,35.9404,101.3842,66.42,7,1.99,clear sky
67,Souillac,MU,-20.5167,57.5167,66.58,20,1.14,few clouds
68,Longyearbyen,SJ,78.2186,15.6401,39.04,75,8.05,broken clouds
69,Haines Junction,CA,60.7522,-137.5108,72.16,96,4.32,overcast clouds
70,Touros,BR,-5.1989,-35.4608,73.49,52,9.66,broken clouds
71,Sao Felix Do Xingu,BR,-6.6447,-51.995,71.56,4,1.95,clear sky
72,Zhigansk,RU,66.7697,123.3711,53.64,0,20.56,clear sky
73,Ixtapa,MX,20.7,-105.2,83.23,100,5.75,overcast clouds
74,Sitka,US,57.0531,-135.33,71.24,21,5.61,few clouds
75,Qaanaaq,GL,77.484,-69.3632,33.12,15,2.73,few clouds
76,Bredasdorp,ZA,-34.5322,20.0403,50.92,91,5.26,overcast clouds
77,Dudinka,RU,69.4058,86.1778,54.63,100,10.94,light rain
78,Atuona,PF,-9.8,-139.0333,78.15,0,19.77,clear sky
79,Airai,TL,-8.9266,125.4092,67.26,18,4.47,few clouds
80,Ponta Do Sol,PT,32.6667,-17.1,68.72,19,4.12,few clouds
81,Saint-Pierre,RE,-21.3393,55.4781,69.48,0,8.05,clear sky
82,Livingston,GB,55.9029,-3.5226,63.12,0,8.05,clear sky
83,Cherskiy,RU,68.75,161.3,55.78,22,9.98,few clouds
84,Rocha,UY,-34.4833,-54.3333,52.92,100,4.36,light rain
85,Gwembe,ZM,-16.4975,27.6069,55.94,0,2.26,clear sky
86,Penzance,GB,50.1186,-5.5371,61.83,73,13.02,broken clouds
87,Kapaa,US,22.0752,-159.319,82.38,75,16.11,light rain
88,Ballina,AU,-28.8667,153.5667,68.02,2,6.82,clear sky
89,Lavrentiya,RU,65.5833,-171.0,44.19,9,13.53,clear sky
90,Cockburn Town,TC,21.4612,-71.1419,81.41,100,15.46,overcast clouds
91,Laguna,US,38.421,-121.4238,88.32,0,18.41,clear sky
92,Kodiak,US,57.79,-152.4072,56.71,100,3.44,overcast clouds
93,Poronaysk,RU,49.2167,143.1167,56.77,34,6.58,scattered clouds
94,Catalao,BR,-18.1658,-47.9464,64.33,0,5.19,clear sky
95,Fort-Shevchenko,KZ,44.5086,50.263,76.12,58,12.17,broken clouds
96,Upernavik,GL,72.7868,-56.1549,33.62,1,7.29,clear sky
97,Lasa,IT,46.6166,10.7002,58.37,4,6.31,clear sky
98,Yambio,SS,4.5721,28.3955,65.77,4,4.0,light rain
99,Saint-Joseph,RE,-21.3667,55.6167,68.38,4,3.85,clear sky
100,Ahuimanu,US,21.4447,-157.8378,83.91,40,14.97,scattered clouds
101,Mechanicsville,US,37.6088,-77.3733,80.87,100,13.8,thunderstorm
102,Pandan,PH,14.0453,124.1694,86.18,33,5.01,scattered clouds
103,Ilulissat,GL,69.2167,-51.1,50.02,100,14.97,overcast clouds
104,Namibe,AO,-15.1961,12.1522,63.91,3,3.38,clear sky
105,Port Blair,IN,11.6667,92.75,82.81,96,11.16,overcast clouds
106,Esperance,AU,-33.8667,121.9,63.57,0,15.95,clear sky
107,Kortkeros,RU,61.8106,51.5806,55.4,100,2.24,overcast clouds
108,Zhongshu,CN,24.5167,103.7667,64.47,100,7.52,overcast clouds
109,Union,US,40.6334,-74.2663,73.31,100,10.36,overcast clouds
110,Manokwari,ID,-0.8667,134.0833,82.76,40,4.92,scattered clouds
111,Vaitape,PF,-16.5167,-151.75,80.4,0,15.77,clear sky
112,Simplicio Mendes,BR,-7.8539,-41.9103,79.38,99,5.7,overcast clouds
113,Kisanga,TZ,-7.4362,37.7034,69.03,6,2.53,light rain
114,Kiryas Joel,US,41.342,-74.1679,68.77,100,5.75,overcast clouds
115,Saint-Paul,RE,-21.0096,55.2707,69.91,2,8.88,clear sky
116,Provideniya,RU,64.3833,-173.3,42.91,40,11.18,scattered clouds
117,Manaquiri,BR,-3.3167,-60.35,77.49,39,1.34,scattered clouds
118,Kathu,TH,7.9178,98.3332,85.75,100,1.66,overcast clouds
119,Buraydah,SA,26.326,43.975,84.9,0,8.72,clear sky
120,Belaya Gora,RU,68.5333,146.4167,57.25,100,12.06,overcast clouds
121,Severnyy,RU,50.677,36.5532,57.24,0,4.47,clear sky
122,Chuy,UY,-33.6971,-53.4616,55.09,100,5.46,moderate rain
123,Rodrigues Alves,BR,-7.738,-72.6509,76.26,100,2.73,overcast clouds
124,Palmer,US,42.1584,-72.3287,66.43,100,5.01,overcast clouds
125,Mackay,AU,-21.15,149.2,72.68,100,13.96,overcast clouds
126,Katobu,ID,-4.9408,122.5276,76.6,100,4.09,heavy intensity rain
127,Kijang,KR,35.2442,129.2139,76.15,0,9.98,clear sky
128,Victoria,HK,22.2855,114.1577,88.18,100,15.99,overcast clouds
129,Lebu,CL,-37.6167,-73.65,49.75,88,5.57,overcast clouds
130,Virginia Beach,US,36.8529,-75.978,80.02,75,5.75,broken clouds
131,Ulladulla,AU,-35.35,150.4667,56.77,74,10.16,broken clouds
132,Kozhva,RU,65.1073,57.0459,62.6,100,7.25,light rain
133,Puerto Ayora,EC,-0.7393,-90.3518,71.55,45,5.99,scattered clouds
134,Port Alfred,ZA,-33.5906,26.891,54.66,75,13.0,broken clouds
135,Vila Do Maio,CV,15.1333,-23.2167,75.99,78,15.55,broken clouds
136,Luderitz,NA,-26.6481,15.1594,57.52,0,8.46,clear sky
137,Iqaluit,CA,63.7506,-68.5145,38.7,24,20.0,few clouds
138,Chicama,PE,-7.8447,-79.1469,59.54,12,8.37,few clouds
139,Nushki,PK,29.5542,66.0215,82.53,0,7.7,clear sky
140,Mahanoro,MG,-19.9,48.8,68.05,28,4.85,scattered clouds
141,Bathsheba,BB,13.2167,-59.5167,81.21,20,17.27,few clouds
142,Mount Isa,AU,-20.7333,139.5,71.37,0,10.36,clear sky
143,La Ronge,CA,55.1001,-105.2842,57.42,75,9.22,broken clouds
144,Banjar,ID,-8.19,114.9675,82.87,13,0.67,few clouds
145,Clarksville,US,36.5298,-87.3595,89.85,0,3.44,clear sky
146,Mahebourg,MU,-20.4081,57.7,70.25,20,1.14,few clouds
147,Progreso,MX,21.2833,-89.6667,79.11,4,15.21,clear sky
148,Veendam,NL,53.1067,6.8792,56.08,100,3.47,overcast clouds
149,Aginskoye,RU,51.1,114.53,73.99,18,5.97,few clouds
150,Muncar,ID,-8.4333,114.3333,81.5,41,4.0,scattered clouds
151,Kununurra,AU,-15.7667,128.7333,76.98,5,14.97,clear sky
152,Acarau,BR,-2.8856,-40.12,76.46,10,10.69,clear sky
153,Kedrovyy,RU,56.1667,91.8167,59.41,31,6.11,scattered clouds
154,Luang Prabang,LA,19.8856,102.1347,76.6,100,1.79,overcast clouds
155,Arraial Do Cabo,BR,-22.9661,-42.0278,69.76,0,18.14,clear sky
156,Pevek,RU,69.7008,170.3133,33.73,15,9.57,few clouds
157,Castro,BR,-24.7911,-50.0119,55.36,9,3.18,clear sky
158,Hasaki,JP,35.7333,140.8333,75.6,100,8.99,light rain
159,Kaitangata,NZ,-46.2817,169.8464,45.77,8,2.8,clear sky
160,Narsaq,GL,60.9167,-46.05,44.82,100,4.23,overcast clouds
161,Champerico,GT,14.3,-91.9167,77.67,100,9.51,overcast clouds
162,Rabo De Peixe,PT,37.8,-25.5833,68.27,75,6.91,broken clouds
163,Kavieng,PG,-2.5744,150.7967,84.33,16,14.65,few clouds
164,Fukue,JP,32.6881,128.8419,74.48,100,5.35,overcast clouds
165,Kamloops,CA,50.6665,-120.3192,66.58,85,5.01,overcast clouds
166,Port Lincoln,AU,-34.7333,135.8667,57.38,0,5.46,clear sky
167,Mount Gambier,AU,-37.8333,140.7667,51.71,100,6.91,mist
168,Mawlaik,MM,23.6333,94.4167,77.38,100,0.34,overcast clouds
169,Ugoofaaru,MV,5.6667,73.0,83.07,100,11.14,overcast clouds
170,Ipixuna,BR,-1.7625,-48.8043,76.39,52,1.32,broken clouds
171,Westport,US,41.1415,-73.3579,69.62,100,9.22,overcast clouds
172,Tieling,CN,42.2931,123.8414,73.45,24,13.4,few clouds
173,Chardara,KZ,41.2547,67.9692,76.64,44,3.11,scattered clouds
174,Bratsk,RU,56.1325,101.6142,61.29,100,9.91,light rain
175,Saint-Augustin,CA,51.226,-58.6502,63.36,84,8.66,broken clouds
176,Norman Wells,CA,65.282,-126.8329,65.88,39,6.31,scattered clouds
177,Bogovarovo,RU,58.9785,47.0246,50.97,13,3.83,few clouds
178,Doha,QA,25.2867,51.5333,94.98,0,14.97,clear sky
179,Barre,US,44.197,-72.5021,69.48,75,10.36,broken clouds
180,Lagoa,PT,39.05,-27.9833,65.57,0,7.87,clear sky
181,Didsbury,GB,53.417,-2.2315,65.64,100,4.61,overcast clouds
182,Tasiilaq,GL,65.6145,-37.6368,35.76,100,0.54,light rain
183,Mattru,SL,7.6244,-11.8332,73.62,100,2.1,moderate rain
184,Svetlogorsk,BY,52.6333,29.7333,56.39,100,1.1,overcast clouds
185,Linhares,BR,-19.3911,-40.0722,62.2,0,0.56,clear sky
186,Phalaborwa,ZA,-23.943,31.1411,50.59,0,2.08,clear sky
187,Ati,TD,13.2154,18.3353,89.04,69,5.91,broken clouds
188,Lac Du Bonnet,CA,50.2536,-96.0612,64.35,1,10.58,clear sky
189,Aiquile,BO,-18.2041,-65.1807,51.24,0,4.32,clear sky
190,Yar-Sale,RU,66.8333,70.8333,52.79,26,8.88,scattered clouds
191,Teguldet,RU,57.3064,88.1667,56.98,99,6.49,overcast clouds
192,Uribia,CO,11.7139,-72.266,85.23,80,16.6,broken clouds
193,Portland,US,45.5234,-122.6762,71.47,75,8.05,broken clouds
194,Nikolskoye,RU,59.7035,30.7861,55.87,100,6.29,overcast clouds
195,Broome,US,42.2506,-75.833,74.01,75,8.05,broken clouds
196,Khartoum,SD,15.5518,32.5324,89.02,14,11.03,few clouds
197,North Bend,US,43.4065,-124.2243,62.24,75,6.91,broken clouds
198,Harper,LR,4.375,-7.7169,76.66,100,10.49,light rain
199,Coihaique,CL,-45.5752,-72.0662,37.35,40,0.0,scattered clouds
200,Ciudad Bolivar,VE,8.1222,-63.5497,80.87,8,10.49,clear sky
201,The Pas,CA,53.8251,-101.2541,63.12,100,9.17,overcast clouds
202,Georgetown,MY,5.4112,100.3354,78.73,20,0.0,few clouds
203,Gornopravdinsk,RU,60.05,69.9,56.7,16,7.29,few clouds
204,San Ignacio,BZ,17.1561,-89.0714,73.54,75,4.61,broken clouds
205,Cabo San Lucas,MX,22.8909,-109.9124,88.18,20,10.36,few clouds
206,Isangel,VU,-19.55,169.2667,81.19,100,13.04,light rain
207,Talnakh,RU,69.4865,88.3972,54.21,100,9.13,moderate rain
208,Jiuquan,CN,39.7432,98.5174,80.08,10,5.35,clear sky
209,Makakilo City,US,21.3469,-158.0858,82.72,100,14.97,overcast clouds
210,Kosonsoy,UZ,41.2561,71.5508,66.76,100,5.68,overcast clouds
211,Saldanha,ZA,-33.0117,17.9442,58.06,98,14.12,overcast clouds
212,Komsomolskiy,UZ,40.4272,71.7189,68.72,100,0.0,overcast clouds
213,Seoul,KR,37.5683,126.9778,71.2,75,1.14,mist
214,Camrose,CA,53.0168,-112.8353,67.93,86,12.01,overcast clouds
215,Hithadhoo,MV,-0.6,73.0833,82.13,100,9.8,moderate rain
216,Alofi,NU,-19.0595,-169.9187,80.49,75,16.11,broken clouds
217,Mwense,ZM,-10.3845,28.698,59.65,12,5.14,few clouds
218,Saskylakh,RU,71.9167,114.0833,58.44,73,12.97,broken clouds
219,Kalmunai,LK,7.4167,81.8167,78.55,100,3.42,light rain
220,Vagur,FO,61.4732,-6.8119,48.29,100,21.32,moderate rain
221,Gat,IL,31.61,34.7642,76.82,0,4.23,clear sky
222,Geraldton,AU,-28.7667,114.6,66.61,40,10.36,moderate rain
223,Linjiang,CN,41.8069,126.9078,67.53,75,5.3,moderate rain
224,Odienne,CI,9.51,-7.5692,69.21,100,1.66,light rain
225,Gwadar,PK,25.1216,62.3254,83.07,84,6.53,broken clouds
226,Port Hedland,AU,-20.3167,118.5667,75.25,23,8.05,few clouds
227,Korla,CN,41.7597,86.1469,75.76,100,20.4,overcast clouds
228,Atbasar,KZ,51.8,68.3333,65.08,29,3.53,scattered clouds
229,Teya,RU,60.3778,92.6267,57.29,100,0.72,heavy intensity rain
230,El Alto,PE,-4.2714,-81.2147,63.52,63,22.79,broken clouds
231,Mecca,SA,21.4267,39.8261,86.2,63,3.53,broken clouds
232,Sao Filipe,CV,14.8961,-24.4956,73.96,70,5.61,broken clouds
233,Celestun,MX,20.8667,-90.4,79.38,65,13.67,broken clouds
234,Hamilton,US,39.1834,-84.5333,86.85,0,8.05,clear sky
235,Tubmanburg,LR,6.8708,-10.8172,72.97,100,1.68,heavy intensity rain
236,Kaliua,TZ,-5.0606,31.7936,71.38,99,5.21,overcast clouds
237,Biloela,AU,-24.4167,150.5,69.62,98,9.82,overcast clouds
238,Itapui,BR,-22.2333,-48.7192,66.69,0,3.53,clear sky
239,Manosque,FR,43.8288,5.7869,64.99,60,4.63,broken clouds
240,Falmouth,GB,50.1544,-5.0711,63.5,39,8.88,scattered clouds
241,Honningsvag,NO,70.9821,25.9704,38.95,100,11.5,light intensity drizzle
242,Kidal,ML,18.4411,1.4078,81.32,100,10.54,overcast clouds
243,Lorengau,PG,-2.0226,147.2712,83.34,100,10.69,overcast clouds
244,Izsak,HU,46.8045,19.3517,65.95,9,1.23,clear sky
245,Sistranda,NO,63.7256,8.834,49.96,99,11.07,overcast clouds
246,Imeni Poliny Osipenko,RU,52.4201,136.4853,58.32,100,6.4,overcast clouds
247,Pitimbu,BR,-7.4706,-34.8086,72.19,25,8.93,scattered clouds
248,Yenagoa,NG,4.9247,6.2642,73.09,100,1.81,overcast clouds
249,Mar Del Plata,AR,-38.0023,-57.5575,44.1,0,5.75,mist
250,Nome,US,64.5011,-165.4064,63.16,0,5.75,clear sky
251,Guarda,PT,40.5373,-7.2658,59.07,89,2.66,overcast clouds
252,Swellendam,ZA,-34.0226,20.4417,56.05,98,6.82,overcast clouds
253,Muroto,JP,33.2833,134.15,74.23,100,0.69,light rain
254,Yanji,CN,42.9075,129.5078,61.75,100,2.62,overcast clouds
255,Muli,MV,2.9167,73.5667,83.23,100,9.19,overcast clouds
256,Marzuq,YE,14.4,46.4667,78.08,96,4.21,overcast clouds
257,Qinhuangdao,CN,39.9317,119.5883,76.68,3,8.12,clear sky
258,Vao,NC,-22.6667,167.4833,76.28,99,15.39,light rain
259,Nuuk,GL,64.1835,-51.7216,39.81,100,27.63,light snow
260,Salym,RU,60.0625,71.4789,56.08,1,9.93,clear sky
261,Zemio,CF,5.0314,25.1361,67.24,66,1.88,broken clouds
262,Roald,NO,62.5833,6.1333,55.0,100,3.44,overcast clouds
263,Prince Rupert,CA,54.3161,-130.3201,55.49,100,3.44,overcast clouds
264,Calabozo,VE,8.9242,-67.4293,75.36,1,0.72,clear sky
265,Baoqing,CN,46.3317,132.2111,72.84,100,5.5,overcast clouds
266,Nalut,LY,30.3333,10.85,75.69,0,10.89,clear sky
267,Makarov,RU,48.6333,142.8,55.67,68,5.17,broken clouds
268,Vila Velha,BR,-20.3297,-40.2925,67.95,75,2.3,broken clouds
269,Kampot,KH,10.6167,104.1833,86.05,80,3.74,broken clouds
270,Pirgos,GR,35.1167,25.7178,75.61,0,8.28,clear sky
271,Port Hardy,CA,50.6996,-127.4199,52.05,100,1.48,overcast clouds
272,Egvekinot,RU,66.3167,-179.1667,36.86,100,3.76,overcast clouds
273,Nam Phong,TH,16.7023,102.8557,85.08,70,4.41,light rain
274,Cheyenne,US,41.14,-104.8203,86.14,0,16.11,clear sky
275,Chara,RU,56.9064,118.2631,67.23,88,1.92,overcast clouds
276,Borogontsy,RU,62.6683,131.1683,63.21,100,3.24,overcast clouds
277,Hastings,GB,50.8552,0.5729,64.24,99,2.53,overcast clouds
278,Morros,BR,-9.4467,-46.3003,74.48,13,1.48,few clouds
279,Conde,BR,-7.2597,-34.9075,71.06,20,6.91,few clouds
280,Tahta,EG,26.7693,31.5021,80.28,0,17.09,clear sky
281,Moreno,BR,-8.1186,-35.0922,72.55,75,8.05,broken clouds
282,Pisco,PE,-13.7,-76.2167,64.02,4,3.44,haze
283,Kaeo,NZ,-35.1,173.7833,64.33,100,3.83,overcast clouds
284,San Cristobal,VE,7.7669,-72.225,75.38,36,2.57,scattered clouds
285,Tuatapere,NZ,-46.1333,167.6833,46.26,6,1.95,clear sky
286,Sabzevar,IR,36.2126,57.6819,76.41,0,18.54,clear sky
287,Vysokogornyy,RU,50.1167,139.15,72.54,77,2.26,broken clouds
288,Biltine,TD,14.5333,20.9167,89.64,54,6.71,broken clouds
289,Salalah,OM,17.0151,54.0924,86.09,75,9.22,broken clouds
290,Albury,AU,-36.0833,146.9167,51.33,100,6.91,overcast clouds
291,Vardo,NO,70.3705,31.1107,40.98,100,13.8,overcast clouds
292,Kloulklubed,PW,7.0419,134.2556,82.9,100,4.7,overcast clouds
293,Vila,PT,42.0304,-8.1588,57.7,99,5.17,overcast clouds
294,Atar,MR,20.5169,-13.0499,93.6,0,12.26,clear sky
295,Worthing,GB,50.8145,-0.3713,64.42,100,5.44,overcast clouds
296,Mamallapuram,IN,12.6264,80.1722,84.25,100,12.1,overcast clouds
297,Maan,PH,5.9339,124.7356,83.62,100,1.41,overcast clouds
298,Suwannaphum,TH,15.6035,103.8021,88.86,49,7.29,scattered clouds
299,Meridian,US,43.6121,-116.3915,82.85,0,12.66,clear sky
300,Amahai,ID,-3.3333,128.9167,82.54,16,1.66,few clouds
301,Opuwo,NA,-18.0607,13.84,57.2,4,4.99,clear sky
302,La Palma,US,33.8464,-118.0467,88.66,0,10.36,clear sky
303,Lompoc,US,34.6391,-120.4579,72.7,0,28.01,clear sky
304,Vestmannaeyjar,IS,63.4427,-20.2734,48.94,100,21.05,overcast clouds
305,Griffith,US,41.5284,-87.4237,88.95,0,12.66,clear sky
306,Mahajanga,MG,-15.7167,46.3167,69.82,0,3.44,clear sky
307,Elizabeth City,US,36.2946,-76.2511,78.82,0,5.75,clear sky
308,Surman,LY,32.7567,12.5716,77.59,0,9.51,clear sky
309,Leopoldov,SK,48.4458,17.7646,58.62,71,1.99,broken clouds
310,Oranjestad,AW,12.524,-70.027,80.91,18,27.98,few clouds
311,Weligama,LK,5.9667,80.4167,77.85,100,8.23,overcast clouds
312,Kem,RU,64.9555,34.5793,46.44,100,12.26,overcast clouds
313,Hornostayivka,UA,47.0078,33.729,66.56,13,3.62,few clouds
314,Zhezkazgan,KZ,47.8043,67.7144,69.12,0,5.46,clear sky
315,Tezu,IN,27.9167,96.1667,71.67,100,3.67,light rain
316,Tanete,ID,-3.9443,119.7848,80.98,66,6.44,broken clouds
317,Ngunguru,NZ,-35.6167,174.5,61.52,98,3.36,overcast clouds
318,Shingu,JP,33.7333,135.9833,77.04,100,2.64,overcast clouds
319,Tual,ID,-5.6667,132.75,82.74,21,16.33,few clouds
320,San Pedro De Ycuamandiyu,PY,-24.0917,-57.0764,69.73,61,4.43,broken clouds
321,Sulangan,PH,11.1373,123.7228,84.02,5,5.19,clear sky
322,Andenes,NO,69.3143,16.1194,44.58,75,12.66,broken clouds
323,Faya,SA,18.3851,42.4509,63.12,2,3.83,clear sky
324,Boyolangu,ID,-8.1181,111.8935,80.08,11,1.01,few clouds
325,Tazovskiy,RU,67.4667,78.7,49.6,23,13.98,few clouds
326,Severodvinsk,RU,64.5635,39.8302,55.51,100,8.72,overcast clouds
327,Kasongo-Lunda,CD,-6.4667,16.8167,68.11,26,0.92,scattered clouds
328,Kimbe,PG,-5.5502,150.1429,86.88,25,3.2,scattered clouds
329,Stornoway,GB,58.2093,-6.3865,53.92,75,23.02,moderate rain
330,Paros,GR,37.0833,25.15,72.99,0,14.97,clear sky
331,Omboue,GA,-1.5746,9.2618,71.46,100,5.19,overcast clouds
332,Pangnirtung,CA,66.1451,-65.7125,31.5,97,3.31,overcast clouds
333,Carolina,PR,18.3808,-65.9574,82.29,0,6.91,clear sky
334,Santana Do Mundau,BR,-9.1681,-36.2222,68.27,100,4.32,overcast clouds
335,Novyy Urengoy,RU,66.0833,76.6333,57.36,52,17.98,broken clouds
336,Pandamatenga,BW,-18.5278,25.627,51.44,0,5.61,clear sky
337,Lagos,NG,6.5833,3.75,74.86,99,5.73,overcast clouds
338,Ponta Delgada,PT,37.7333,-25.6667,69.49,75,6.91,broken clouds
339,Lodwar,KE,3.1191,35.5973,81.19,27,18.86,scattered clouds
340,Ribera,IT,37.4984,13.2642,73.26,0,2.44,clear sky
341,Karratha,AU,-20.7377,116.8463,76.59,84,10.38,broken clouds
342,Vicuna,CL,-30.0319,-70.7081,46.13,0,0.85,clear sky
343,Bambous Virieux,MU,-20.3428,57.7575,70.21,20,1.14,few clouds
344,Marawi,PH,7.9986,124.2928,79.02,61,2.35,broken clouds
345,Tlalchapa,MX,18.4,-100.4667,80.33,100,2.62,overcast clouds
346,Agadez,NE,19.75,10.25,85.42,100,1.72,overcast clouds
347,Vytegra,RU,61.0064,36.4481,48.22,100,11.27,overcast clouds
348,Nemuro,JP,43.3236,145.575,53.46,88,3.74,overcast clouds
349,Motegi,JP,36.5167,140.1833,76.05,100,2.01,light rain
350,Namatanai,PG,-3.6667,152.4333,83.95,26,10.18,scattered clouds
351,Ahipara,NZ,-35.1667,173.1667,62.08,100,4.9,light rain
352,Severomuysk,RU,56.1481,113.4267,60.84,71,2.21,broken clouds
353,Zenzeli,RU,45.9241,47.0474,70.07,0,9.31,clear sky
354,Fortuna,US,40.5982,-124.1573,58.93,100,9.22,overcast clouds
355,Kungurtug,RU,50.5994,97.5228,59.32,100,1.25,overcast clouds
356,Klaksvik,FO,62.2266,-6.589,50.92,100,20.96,light rain
357,Puri,IN,19.8,85.85,84.72,100,19.84,overcast clouds
358,Ouesso,CG,1.6136,16.0517,69.28,100,0.87,moderate rain
359,Gora,PL,51.6664,16.5349,55.18,69,7.02,broken clouds
360,Mehran,IR,33.1222,46.1646,85.5,0,11.83,clear sky
361,Clyde River,CA,70.4692,-68.5914,30.27,100,31.36,snow
362,Carauari,BR,-4.8828,-66.8958,71.91,100,1.12,overcast clouds
363,Ufa,RU,54.775,56.0375,61.97,100,2.51,overcast clouds
364,Invermere,CA,50.5167,-116.0354,61.43,100,4.92,overcast clouds
365,Robeasca,RO,45.1667,27.1333,63.37,2,7.38,clear sky
366,Tourlaville,FR,49.6383,-1.5664,60.22,0,5.75,clear sky
367,Tura,IN,25.5198,90.2201,73.62,100,6.93,very heavy rain
368,Adrar,MR,20.5022,-10.0711,88.03,0,3.74,clear sky
369,Pemex,MX,18.4395,-96.3461,77.52,6,5.44,clear sky
370,Corlu,TR,41.1592,27.8,60.78,0,11.5,clear sky
371,Batemans Bay,AU,-35.7167,150.1833,65.91,51,6.51,broken clouds
372,Sao Joao Da Barra,BR,-21.6403,-41.0511,68.83,0,10.04,clear sky
373,Kefamenanu,ID,-9.4467,124.4781,78.3,50,10.2,scattered clouds
374,Najran,SA,17.4924,44.1277,80.58,99,3.83,overcast clouds
375,Faanui,PF,-16.4833,-151.75,80.4,0,15.93,clear sky
376,San Patricio,US,28.017,-97.5169,86.85,5,13.33,clear sky
377,Benjamin Aceval,PY,-24.9667,-57.5667,75.34,100,1.81,moderate rain
378,Arroio Do Meio,BR,-29.4011,-51.945,66.31,100,2.71,overcast clouds
379,Bon Air,US,37.5249,-77.5578,80.46,75,10.36,broken clouds
380,Moree,AU,-29.4667,149.85,59.45,0,7.56,clear sky
381,Zyryanka,RU,65.75,150.85,69.28,28,16.53,scattered clouds
382,Bonavista,CA,48.6499,-53.1147,50.09,5,13.02,clear sky
383,Prince George,CA,53.9166,-122.753,62.26,100,3.0,overcast clouds
384,Puerto Escondido,MX,15.85,-97.0667,79.21,100,5.06,overcast clouds
385,Marsh Harbour,BS,26.5412,-77.0636,81.32,4,7.18,clear sky
386,Safaga,EG,26.7292,33.9365,83.21,0,11.83,clear sky
387,Shitanjing,CN,39.2342,106.3439,79.21,100,13.51,overcast clouds
388,Kangaatsiaq,GL,68.3065,-53.4641,34.56,100,22.64,light snow
389,Coquimbo,CL,-29.9533,-71.3436,53.33,0,5.75,clear sky
390,Las Cruces,US,32.3123,-106.7783,86.11,0,18.99,clear sky
391,Araouane,ML,18.9048,-3.5265,85.68,100,2.82,overcast clouds
392,Asau,RO,46.4333,26.4,52.72,8,5.75,clear sky
393,Oksfjord,NO,70.2396,22.3479,44.78,17,3.44,few clouds
394,Ambon,ID,-3.6954,128.1814,84.34,20,2.3,few clouds
395,Teahupoo,PF,-17.8333,-149.2667,75.16,84,16.28,broken clouds
396,Sept-Iles,CA,50.2001,-66.3821,64.92,100,11.01,overcast clouds
397,Vestmanna,FO,62.1564,-7.1664,49.12,100,13.8,light rain
398,Leningradskiy,RU,69.3833,178.4167,38.3,89,11.18,overcast clouds
399,Mayo,US,38.8876,-76.5119,79.52,0,9.22,clear sky
400,Takhli,TH,15.2634,100.3438,87.75,96,9.69,overcast clouds
401,Marystown,CA,47.1666,-55.1483,51.55,49,7.11,scattered clouds
402,Samarai,PG,-10.6167,150.6667,82.11,89,9.26,overcast clouds
403,Evanston,US,42.0411,-87.6901,91.4,0,19.57,clear sky
404,Rassvet,RU,46.8333,40.75,56.71,4,4.56,clear sky
405,Port Moresby,PG,-9.4431,147.1797,83.01,27,4.63,scattered clouds
406,Panzhihua,CN,26.5851,101.7128,71.67,98,0.92,overcast clouds
407,Nikitinskiy,RU,54.5845,86.0115,55.06,100,8.86,overcast clouds
408,Ambilobe,MG,-13.2,49.05,67.98,83,2.68,light rain
409,Kerrville,US,30.0474,-99.1403,94.48,0,8.05,clear sky
410,Lyuban,BY,52.7985,28.0048,52.84,100,3.74,overcast clouds
411,Canatlan,MX,24.5167,-104.7833,79.97,28,19.3,scattered clouds
412,San Jeronimo,PE,-11.9472,-75.2829,46.33,8,3.36,clear sky
413,Kawalu,ID,-7.3817,108.2082,75.49,100,1.23,overcast clouds
414,Bubaque,GW,11.2833,-15.8333,79.41,100,18.5,overcast clouds
415,Bronnoysund,NO,65.4625,12.1997,50.0,75,2.3,broken clouds
416,Ternate,ID,0.8,127.4,82.63,60,2.33,broken clouds
417,Berdigestyakh,RU,62.0989,126.6992,63.61,0,8.59,clear sky
418,Husavik,IS,66.0449,-17.3389,53.38,100,5.21,overcast clouds
419,Wattegama,LK,6.7989,81.4808,75.2,100,3.76,overcast clouds
420,Fonte Boa,BR,-2.4959,-66.2662,71.83,100,1.19,overcast clouds
421,Vokhtoga,RU,58.8147,41.0461,47.73,7,5.17,clear sky
422,Taltal,CL,-25.4,-70.4833,55.74,1,1.05,clear sky
423,Mitsamiouli,KM,-11.3847,43.2844,76.75,0,4.59,clear sky
424,Kwinana,AU,-32.25,115.7667,66.34,2,1.01,clear sky
425,Severo-Yeniseyskiy,RU,60.3725,93.0408,54.64,100,1.3,moderate rain
426,Oyek,RU,52.5861,104.4556,57.58,79,4.47,broken clouds
427,Mulege,MX,26.8833,-111.9833,94.19,4,6.26,clear sky
428,Bilibino,RU,68.0546,166.4372,59.25,62,1.77,broken clouds
429,Phangnga,TH,8.4509,98.5298,77.04,100,1.28,overcast clouds
430,Guapi,CO,2.5708,-77.8854,74.64,91,3.51,moderate rain
431,Yang Talat,TH,16.3998,103.3679,88.05,92,9.53,overcast clouds
432,Nanortalik,GL,60.1432,-45.2371,37.9,92,5.59,overcast clouds
433,Bengkulu,ID,-3.8004,102.2655,78.39,100,2.59,overcast clouds
434,Aksarka,RU,66.5606,67.7975,50.45,20,7.23,few clouds
435,Qaqortoq,GL,60.7167,-46.0333,38.88,100,5.7,overcast clouds
436,Jeumont,FR,50.2966,4.1011,63.01,100,7.29,overcast clouds
437,Russell,US,32.3502,-85.1999,89.2,0,3.44,clear sky
438,Astoria,US,46.1879,-123.8313,61.56,75,8.05,broken clouds
439,Eureka,US,40.8021,-124.1637,59.74,100,3.0,overcast clouds
440,Siniscola,IT,40.5719,9.6922,65.75,10,3.11,clear sky
441,Kruisfontein,ZA,-34.0033,24.7314,45.88,100,7.4,overcast clouds
442,Iranshahr,IR,27.2025,60.6848,89.96,6,0.76,clear sky
443,Tangjiazhuang,CN,39.7333,118.45,79.75,6,6.38,clear sky
444,Yaan,NG,7.3833,8.5667,71.42,100,6.42,overcast clouds
445,Macamic,CA,48.7502,-78.9996,58.01,100,11.79,light rain
446,Yabelo,ET,4.8833,38.0833,57.7,63,5.12,broken clouds
447,Hofn,IS,64.2539,-15.2082,49.42,100,12.12,overcast clouds
448,Thompson,CA,55.7435,-97.8558,45.37,100,10.49,overcast clouds
449,Farafangana,MG,-22.8167,47.8333,67.01,0,9.66,light rain
450,Athens,GR,37.9795,23.7162,75.16,20,3.44,few clouds
451,Kandiari,PK,26.9156,68.5216,85.77,0,15.93,clear sky
452,Huaraz,PE,-9.5333,-77.5333,52.23,46,1.59,scattered clouds
453,Euclides Da Cunha,BR,-10.5075,-39.0158,62.33,5,4.5,clear sky
454,Kristiinankaupunki,FI,62.2743,21.376,46.24,0,7.25,clear sky
455,Johi,PK,26.6921,67.6133,88.56,0,12.66,clear sky
456,Yuxia,CN,34.0615,108.6291,89.46,41,2.08,scattered clouds
457,Suleja,NG,9.1758,7.1808,70.27,100,2.93,moderate rain
458,Bilma,NE,18.6853,12.9164,89.17,1,5.84,clear sky
459,Sobolevo,RU,54.4299,31.8996,51.73,100,6.31,overcast clouds
460,Manakara,MG,-22.1333,48.0167,64.87,0,8.19,clear sky
461,Gravdal,NO,68.1214,13.5031,46.85,22,5.77,few clouds
462,Berlevag,NO,70.8578,29.0864,39.2,100,10.36,overcast clouds
463,Richards Bay,ZA,-28.783,32.0377,53.82,12,4.25,few clouds
464,Arifwala,PK,30.294,73.0735,91.96,0,11.07,clear sky
465,Harlingen,US,26.1906,-97.6961,86.05,0,14.97,clear sky
466,Sabha,LY,27.0377,14.4283,76.46,0,10.36,clear sky
467,Necochea,AR,-38.5473,-58.7368,47.28,0,9.73,clear sky
468,Keta,GH,5.9179,0.9879,77.25,100,14.41,light rain
469,Muros,ES,42.7762,-9.0603,66.09,99,4.29,overcast clouds
470,San Joaquin,US,37.9333,-121.3011,83.52,0,24.16,clear sky
471,Nueve De Julio,AR,-35.4444,-60.8831,46.45,0,6.62,clear sky
472,Villa Del Rosario,CO,7.8339,-72.4742,80.98,40,3.44,scattered clouds
473,Messina,IT,38.1933,15.5497,78.19,0,9.22,clear sky
474,Maragogi,BR,-9.0122,-35.2225,74.16,100,7.9,overcast clouds
475,Waipawa,NZ,-41.4122,175.5153,48.27,100,4.07,overcast clouds
476,Bowen,AU,-20.0167,148.2333,73.72,3,10.96,clear sky
477,Hammonton,US,39.6365,-74.8024,73.11,100,8.75,overcast clouds
478,Taitung,TW,22.7583,121.1444,86.27,40,4.61,scattered clouds
479,Katsuura,JP,35.1333,140.3,73.42,100,15.23,overcast clouds
480,Ayacucho,PE,-13.1583,-74.2239,51.91,5,2.44,clear sky
481,Czersk,PL,53.7959,17.9765,48.45,0,6.44,clear sky
482,Oktyabrskiy,RU,54.4815,53.471,60.55,86,2.93,overcast clouds
483,Sibolga,ID,1.7427,98.7792,76.5,100,3.53,overcast clouds
484,Platanos,GR,37.6667,21.6167,71.08,0,4.76,clear sky
485,Kenscoff,HT,18.4506,-72.2869,62.74,100,4.61,overcast clouds
486,Gasa,PS,31.5,34.4667,74.88,0,7.72,clear sky
487,Requena,ES,39.4883,-1.1004,70.79,5,3.2,clear sky
488,Natal,BR,-5.795,-35.2094,77.22,40,4.61,scattered clouds
489,Kieta,PG,-6.2167,155.6333,83.23,99,3.94,light rain
490,Codrington,AU,-38.2667,141.9667,54.64,100,6.4,overcast clouds
491,Harbour Breton,CA,47.4833,-55.7983,51.26,0,5.88,clear sky
492,Ekuvukeni,ZA,-28.4675,30.1551,39.72,8,3.11,clear sky
493,Tumalaytay,PH,12.2758,123.232,86.16,18,4.56,few clouds
494,Udachnyy,RU,66.4167,112.4,66.45,82,8.52,broken clouds
495,Fuente De Oro,CO,3.4594,-73.6128,71.96,13,2.66,few clouds
496,Gigmoto,PH,13.7796,124.39,85.41,88,6.35,overcast clouds
497,Bosobolo,CD,4.1833,19.9,69.3,96,2.24,overcast clouds
498,Avera,US,33.194,-82.5271,87.85,0,7.16,clear sky
499,Caibarien,CU,22.5206,-79.4669,81.72,61,10.31,broken clouds
500,Bodden Town,KY,19.2833,-81.25,77.0,75,8.05,broken clouds
501,Puerto Quijarro,BO,-17.7833,-57.7667,75.96,9,2.71,clear sky
502,The Valley,AI,18.217,-63.0578,82.26,100,13.44,overcast clouds
503,Fare,PF,-16.7,-151.0167,79.41,29,13.98,light rain
504,Reshetylivka,UA,49.565,34.0782,61.47,100,2.73,overcast clouds
505,Tarakan,ID,3.3,117.6333,78.3,75,5.75,light rain
506,Beringovskiy,RU,63.05,179.3167,46.04,18,5.03,few clouds
507,Moyale,KE,3.5167,39.0584,66.65,97,8.01,overcast clouds
508,Alyangula,AU,-13.8483,136.4192,80.02,86,14.63,overcast clouds
509,Grand Gaube,MU,-20.0064,57.6608,70.38,0,1.01,clear sky
510,Catamarca,AR,-28.4696,-65.7852,47.25,0,1.74,clear sky
511,Gamba,GA,-2.65,10.0,70.72,100,4.27,overcast clouds
512,Creel,MX,27.75,-107.6333,64.72,97,0.34,overcast clouds
513,Lithgow,AU,-33.4833,150.15,51.3,15,5.97,few clouds
514,Taungdwingyi,MM,20.0167,95.55,77.67,100,10.69,overcast clouds
515,Asosa,ET,10.0667,34.5333,59.2,100,7.14,overcast clouds
516,Pafos,CY,34.7667,32.4167,71.38,0,1.14,clear sky
517,Ust-Koksa,RU,50.2696,85.6108,53.62,35,2.01,scattered clouds
518,Levin,NZ,-40.6333,175.275,58.71,61,5.82,broken clouds
519,Ulverstone,AU,-41.15,146.1667,57.22,100,2.98,overcast clouds
520,Lianran,CN,24.9227,102.485,63.14,98,4.18,overcast clouds
521,Dunkirk,FR,51.05,2.3667,65.05,100,9.01,overcast clouds
522,Floresti,MD,47.8933,28.3014,58.17,74,3.62,broken clouds
523,Paysandu,UY,-32.3214,-58.0756,53.6,100,4.07,overcast clouds
524,Igarka,RU,67.4667,86.5833,63.57,49,8.77,scattered clouds
525,Vilhena,BR,-12.7406,-60.1458,68.79,57,2.93,broken clouds
526,Bastrop,US,32.7562,-91.8724,91.08,0,1.03,clear sky
527,Two Hills,CA,53.7169,-111.7518,66.69,33,9.22,scattered clouds
528,Boa Vista,BR,2.8197,-60.6733,80.58,75,4.61,broken clouds
529,Onda,ES,39.9667,-0.25,77.9,100,3.74,overcast clouds
530,Hami,CN,42.8,93.45,81.16,100,5.97,overcast clouds
531,Carballo,ES,43.213,-8.691,67.42,84,1.61,broken clouds
532,Manta,EC,-0.95,-80.7333,73.18,75,11.5,broken clouds
533,Kholm,RU,59.2667,32.85,49.78,81,6.96,broken clouds
534,Muyezerskiy,RU,63.9333,31.65,45.37,100,8.48,overcast clouds
535,Rio Gallegos,AR,-51.6226,-69.2181,30.25,0,14.97,clear sky
536,Wuzhou,CN,23.4833,111.3167,77.02,100,1.25,heavy intensity rain
537,Edd,ER,13.9297,41.6925,87.1,46,7.87,scattered clouds
538,Tougue,GN,11.4667,-11.6,71.15,100,3.31,light rain
539,Loviisa,FI,60.4566,26.2251,54.28,100,10.38,overcast clouds
540,Trairi,BR,-3.2778,-39.2689,75.02,34,7.74,scattered clouds
541,Meadow Lake,US,34.8014,-106.5436,92.68,64,17.58,broken clouds
542,Balclutha,NZ,-46.2339,169.75,45.84,8,1.28,clear sky
543,Semporna,MY,4.4818,118.6112,81.61,68,4.05,broken clouds
544,Labuhan,ID,-6.8844,112.2051,80.89,26,7.02,scattered clouds
545,Karasjok,NO,69.4719,25.5112,39.38,100,4.07,overcast clouds
546,Ust-Maya,RU,60.4167,134.5333,68.05,98,0.85,overcast clouds
547,Vicar,ES,36.8316,-2.6427,84.4,41,9.15,scattered clouds
548,Mahon,ES,39.8885,4.2658,70.36,0,3.44,clear sky
549,Wichita,US,37.6922,-97.3375,94.01,0,17.27,clear sky
550,Itacoatiara,BR,-3.1431,-58.4442,74.03,5,2.73,clear sky
551,Qandala,SO,11.472,49.8728,89.42,99,5.99,overcast clouds
552,Gimli,CA,50.6336,-96.9907,71.62,0,8.05,clear sky
553,Umm Lajj,SA,25.0213,37.2685,81.1,0,8.77,clear sky
554,Rio Grande,BR,-32.035,-52.0986,55.94,100,3.96,moderate rain
555,Kudahuvadhoo,MV,2.6708,72.8944,83.5,100,10.04,overcast clouds
556,Shache,CN,38.4167,77.2406,72.72,75,16.42,broken clouds
557,Xinmin,CN,41.9908,122.8253,73.87,100,11.5,overcast clouds
558,Toyota,JP,35.0833,137.15,80.62,100,4.9,overcast clouds
559,Auki,SB,-8.7676,160.7034,84.06,9,3.51,clear sky
560,Clarksburg,US,39.2807,-80.3445,80.71,15,5.82,heavy intensity rain
561,Tahoua,NE,14.8888,5.2692,82.6,93,7.65,light rain
562,Viedma,AR,-40.8135,-62.9967,47.05,56,11.9,broken clouds
563,Mayumba,GA,-3.432,10.6554,70.65,39,2.64,scattered clouds
564,Deputatskiy,RU,69.3,139.9,47.32,89,3.47,overcast clouds
565,Padang,ID,-0.9492,100.3543,78.85,97,1.68,overcast clouds
566,Rayong,TH,12.8333,101.4333,88.79,75,5.06,broken clouds
567,Dunedin,NZ,-45.8742,170.5036,45.61,7,4.94,clear sky
568,Sibu,MY,2.3,111.8167,79.11,40,2.3,scattered clouds
569,Kaliyaganj,IN,25.6333,88.3167,82.74,90,8.48,heavy intensity rain
570,Oeiras,BR,-7.0253,-42.1311,79.56,94,5.97,overcast clouds
571,Tromso,NO,69.6496,18.957,45.37,100,10.36,overcast clouds
572,George Town,MY,5.4112,100.3354,78.73,20,0.0,few clouds
573,Inhambane,MZ,-23.865,35.3833,60.4,0,7.02,clear sky
574,Tiruchchendur,IN,8.4833,78.1167,82.69,100,3.29,overcast clouds
575,Mulchen,CL,-37.7167,-72.2333,44.29,100,2.08,overcast clouds
576,Hualmay,PE,-11.0964,-77.6139,62.4,17,13.56,few clouds
577,Sylvan Lake,CA,52.3168,-114.0853,64.35,100,12.66,overcast clouds
578,Cocobeach,GA,1.0002,9.5823,75.34,100,8.9,light rain
579,Quatre Cocos,MU,-20.2078,57.7625,70.09,0,6.69,clear sky
580,Vostok,RU,46.4856,135.8833,73.0,53,1.14,broken clouds
581,Constitucion,CL,-35.3333,-72.4167,48.94,88,8.19,overcast clouds
582,Conceicao Do Araguaia,BR,-8.2578,-49.2647,76.6,94,2.73,overcast clouds
583,Waingapu,ID,-9.6567,120.2641,82.36,54,14.81,broken clouds
584,Kimparana,ML,12.8347,-4.9244,81.97,100,11.97,overcast clouds
585,Puerto El Triunfo,SV,13.2833,-88.55,77.92,100,4.07,overcast clouds
586,Nago,JP,26.5881,127.9761,81.45,100,6.82,moderate rain
587,Bukachacha,RU,52.9833,116.9167,72.23,23,4.47,few clouds
588,Zhangjiakou,CN,40.81,114.8794,74.44,90,5.37,overcast clouds
589,Kinston,US,35.2627,-77.5816,78.94,100,8.7,overcast clouds
590,Chumikan,RU,54.7183,135.315,44.85,54,7.45,broken clouds
591,Itarema,BR,-2.9248,-39.9167,76.01,11,9.73,few clouds
592,Vieste,IT,41.8825,16.175,75.13,8,0.36,clear sky
593,Banda Aceh,ID,5.5577,95.3222,80.51,98,4.68,overcast clouds
594,Hun,LY,29.1268,15.9477,74.26,0,3.69,clear sky
595,Pavlivka,UA,49.4414,28.4596,53.67,100,4.43,overcast clouds
596,Brewster,US,41.3973,-73.6171,68.34,100,9.22,overcast clouds
597,Luganville,VU,-15.5333,167.1667,83.59,100,9.28,overcast clouds
598,Xiaolingwei,CN,32.0333,118.85,87.78,0,10.4,clear sky
599,Poum,NC,-20.2333,164.0167,79.23,100,13.15,overcast clouds
600,Placido De Castro,BR,-10.3353,-67.1856,75.36,74,2.64,broken clouds
601,Goroka,PG,-6.0834,145.3873,71.96,100,3.11,overcast clouds
602,Bara,NG,10.3744,10.7288,74.26,100,5.37,overcast clouds
603,Hambantota,LK,6.1241,81.1185,78.8,100,12.77,overcast clouds
604,Sao Bento Do Sul,BR,-26.2503,-49.3786,53.4,19,2.8,few clouds
605,Guerrero Negro,MX,27.9769,-114.0611,68.9,0,18.97,clear sky
606,Aklavik,CA,68.2191,-135.0107,71.53,21,6.17,light rain
607,Sorong,ID,-0.8833,131.25,80.98,100,0.78,overcast clouds
608,Coffs Harbour,AU,-30.3,153.1333,66.16,0,9.22,clear sky
609,Westerland,DE,54.9079,8.3033,53.62,40,3.44,scattered clouds
610,Karwar,IN,14.8,74.1333,78.96,100,1.05,overcast clouds
611,Toktogul,KG,41.8708,72.9402,64.45,100,1.14,overcast clouds
612,Bongandanga,CD,1.5,21.05,70.63,100,1.43,overcast clouds
613,Shieli,KZ,44.1667,66.75,75.63,0,10.89,clear sky
614,Poya,NC,-21.35,165.15,80.35,99,3.6,light rain
615,Kamenka,RU,51.3223,42.7678,52.16,0,6.38,clear sky
616,Wilmington,US,34.2257,-77.9447,78.71,0,9.22,clear sky
617,Lermontovka,RU,47.1453,134.3383,73.85,89,8.66,overcast clouds
618,Dafeng,CN,23.4517,108.5881,76.8,100,3.94,overcast clouds
619,Tripoli,LY,32.8752,13.1875,75.09,0,8.32,clear sky
620,Mubende,UG,0.5606,31.39,62.11,71,1.19,broken clouds
621,Barajevo,RS,44.5789,20.4158,67.48,100,2.04,overcast clouds
622,Uttarkashi,IN,30.7333,78.45,75.54,93,1.83,overcast clouds
623,Morris,US,40.8334,-74.5329,70.81,100,5.75,overcast clouds
624,Winslow,US,35.0242,-110.6974,98.78,0,17.27,clear sky
625,Hearst,CA,49.6835,-83.6665,62.85,46,13.71,scattered clouds
626,Mount Pleasant,US,32.7941,-79.8626,82.0,75,16.11,broken clouds
627,Alto Araguaia,BR,-17.3147,-53.2153,70.86,0,3.11,clear sky
628,Jaisalmer,IN,26.9147,70.9181,81.64,0,23.02,clear sky
629,Rafsanjan,IR,30.4067,55.9939,78.42,0,10.04,clear sky
630,Sawakin,SD,19.1059,37.3321,82.87,5,3.24,clear sky
631,Mahibadhoo,MV,3.7833,72.9667,83.62,100,10.29,overcast clouds
632,Linxia,CN,35.6003,103.2064,68.67,94,1.16,overcast clouds
633,Sandnessjoen,NO,66.0217,12.6316,49.64,100,5.01,overcast clouds
634,Lindas,NO,60.7381,5.16,54.72,100,5.86,overcast clouds
635,Gananoque,CA,44.3334,-76.1661,76.59,11,13.31,few clouds
636,Bonthe,SL,7.5264,-12.505,77.76,100,6.55,moderate rain
637,Jalu,LY,29.0331,21.5482,78.78,5,10.74,clear sky
638,Ust-Omchug,RU,61.15,149.6333,50.18,100,0.34,light rain
639,Kesova Gora,RU,57.5836,37.2922,49.44,89,6.4,overcast clouds
640,Sorland,NO,67.667,12.6934,46.26,100,5.06,overcast clouds
641,Poplar Bluff,US,36.757,-90.3929,94.78,0,0.0,clear sky
642,Bandarbeyla,SO,9.4942,50.8122,78.48,94,20.83,overcast clouds
643,Riyadh,SA,24.6877,46.7219,86.14,10,5.53,clear sky
644,Felipe Carrillo Puerto,MX,19.5833,-88.05,77.25,14,5.21,few clouds
645,Ishigaki,JP,24.3448,124.1572,82.53,75,12.66,broken clouds
646,Glendive,US,47.1053,-104.7125,79.48,0,3.44,clear sky
647,Koutiala,ML,12.3917,-5.4642,79.29,80,11.36,broken clouds
648,Charlestown,AU,-32.95,151.6667,65.1,5,1.01,clear sky
649,Venezuela,VE,8.0,-66.0,78.48,16,9.15,few clouds
650,Nerchinskiy Zavod,RU,51.3088,119.61,72.64,12,2.64,few clouds
651,Lewistown,US,40.5992,-77.5714,79.2,75,0.0,broken clouds
652,Olteni,RO,44.1833,25.2833,62.87,6,1.54,clear sky
653,Altay,CN,47.8667,88.1167,63.93,98,2.15,overcast clouds
654,Tiarei,PF,-17.5333,-149.3333,82.42,38,18.37,scattered clouds
655,Porto Novo,BJ,6.4965,2.6036,78.62,100,6.53,light rain
656,Moorhead,US,46.8739,-96.7676,75.22,20,16.11,few clouds
657,Hargeysa,SO,9.56,44.065,70.38,100,23.78,overcast clouds
658,Bam,IR,29.106,58.357,88.48,3,15.01,clear sky
659,Cap Malheureux,MU,-19.9842,57.6142,70.47,0,1.01,clear sky
660,Mundo Nuevo,MX,18.7,-95.5,81.88,1,12.12,clear sky
661,Zhangye,CN,38.9342,100.4517,80.22,36,2.44,scattered clouds
662,Shahr-E Kord,IR,32.3256,50.8644,49.77,0,2.3,clear sky
663,Hoquiam,US,46.9809,-123.8893,63.45,0,9.22,clear sky
664,Tairua,NZ,-37.0167,175.85,61.92,100,3.69,overcast clouds
665,Peniche,PT,39.3558,-9.3811,63.09,100,2.59,overcast clouds
666,Bonnyville,CA,54.2668,-110.735,67.32,99,10.85,overcast clouds
667,Nueva Guinea,NI,11.6876,-84.4562,73.85,100,1.92,heavy intensity rain
668,Qinzhou,CN,21.95,108.6167,84.52,98,15.79,overcast clouds
669,Havelock,US,34.8791,-76.9013,80.55,20,8.05,few clouds
670,Amurzet,RU,47.6967,131.0981,67.64,100,2.37,overcast clouds
671,Henties Bay,NA,-22.116,14.2845,57.22,3,8.72,clear sky
672,Serebryansk,KZ,49.6925,83.2892,58.32,22,0.34,few clouds
673,Fereydun Kenar,IR,36.6864,52.5225,73.62,0,0.0,clear sky
674,Alvaraes,BR,-3.2208,-64.8042,72.32,41,0.54,scattered clouds
675,Morki,RU,56.4303,48.9947,52.72,27,3.74,scattered clouds
676,Lebanon,US,36.2081,-86.2911,91.62,84,1.25,broken clouds
677,Kibondo,TZ,-3.5864,30.7203,61.2,8,1.57,clear sky
678,Augusto Correa,BR,-1.0217,-46.635,72.7,25,2.89,scattered clouds
679,Pushkino,RU,56.0172,37.8667,57.09,20,5.84,few clouds
680,Buala,SB,-8.145,159.5921,83.28,87,9.64,light rain
681,Alakurtti,RU,66.9672,30.3491,42.04,100,14.32,overcast clouds
